[
  {
    "name": "Afghanistan",
    "isoCode": "AF",
    "phoneCode": "+93"
  },
  {
    "name": "Albania",
    "isoCode": "AL",
    "phoneCode": "+355"
  },
  {
    "name": "Algeria",
    "isoCode": "DZ",
    "phoneCode": "+213"
  },
  {
    "name": "Andorra",
    "isoCode": "AD",
    "phoneCode": "+376"
  },
  {
    "name": "Angola",
    "isoCode": "AO",
    "phoneCode": "+244"
  },
  {
    "name": "Argentina",
    "isoCode": "AR",
    "phoneCode": "+54"
  },
  {
    "name": "Armenia",
    "isoCode": "AM",
    "phoneCode": "+374"
  },
  {
    "name": "Australia",
    "isoCode": "AU",
    "phoneCode": "+61"
  },
  {
    "name": "Austria",
    "isoCode": "AT",
    "phoneCode": "+43"
  },
  {
    "name": "Azerbaijan",
    "isoCode": "AZ",
    "phoneCode": "+994"
  },
  {
    "name": "Bahamas",
    "isoCode": "BS",
    "phoneCode": "+1-242"
  },
  {
    "name": "Bahrain",
    "isoCode": "BH",
    "phoneCode": "+973"
  },
  {
    "name": "Bangladesh",
    "isoCode": "BD",
    "phoneCode": "+880"
  },
  {
    "name": "Barbados",
    "isoCode": "BB",
    "phoneCode": "+1-246"
  },
  {
    "name": "Belarus",
    "isoCode": "BY",
    "phoneCode": "+375"
  },
  {
    "name": "Belgium",
    "isoCode": "BE",
    "phoneCode": "+32"
  },
  {
    "name": "Belize",
    "isoCode": "BZ",
    "phoneCode": "+501"
  },
  {
    "name": "Benin",
    "isoCode": "BJ",
    "phoneCode": "+229"
  },
  {
    "name": "Bhutan",
    "isoCode": "BT",
    "phoneCode": "+975"
  },
  {
    "name": "Bolivia",
    "isoCode": "BO",
    "phoneCode": "+591"
  },
  {
    "name": "Bosnia and Herzegovina",
    "isoCode": "BA",
    "phoneCode": "+387"
  },
  {
    "name": "Botswana",
    "isoCode": "BW",
    "phoneCode": "+267"
  },
  {
    "name": "Brazil",
    "isoCode": "BR",
    "phoneCode": "+55"
  },
  {
    "name": "Brunei",
    "isoCode": "BN",
    "phoneCode": "+673"
  },
  {
    "name": "Bulgaria",
    "isoCode": "BG",
    "phoneCode": "+359"
  },
  {
    "name": "Burkina Faso",
    "isoCode": "BF",
    "phoneCode": "+226"
  },
  {
    "name": "Burundi",
    "isoCode": "BI",
    "phoneCode": "+257"
  },
  {
    "name": "Cambodia",
    "isoCode": "KH",
    "phoneCode": "+855"
  },
  {
    "name": "Cameroon",
    "isoCode": "CM",
    "phoneCode": "+237"
  },
  {
    "name": "Canada",
    "isoCode": "CA",
    "phoneCode": "+1"
  },
  {
    "name": "Cape Verde",
    "isoCode": "CV",
    "phoneCode": "+238"
  },
  {
    "name": "Central African Republic",
    "isoCode": "CF",
    "phoneCode": "+236"
  },
  {
    "name": "Chad",
    "isoCode": "TD",
    "phoneCode": "+235"
  },
  {
    "name": "Chile",
    "isoCode": "CL",
    "phoneCode": "+56"
  },
  {
    "name": "China",
    "isoCode": "CN",
    "phoneCode": "+86"
  },
  {
    "name": "Colombia",
    "isoCode": "CO",
    "phoneCode": "+57"
  },
  {
    "name": "Comoros",
    "isoCode": "KM",
    "phoneCode": "+269"
  },
  {
    "name": "Congo",
    "isoCode": "CG",
    "phoneCode": "+242"
  },
  {
    "name": "Costa Rica",
    "isoCode": "CR",
    "phoneCode": "+506"
  },
  {
    "name": "Croatia",
    "isoCode": "HR",
    "phoneCode": "+385"
  },
  {
    "name": "Cuba",
    "isoCode": "CU",
    "phoneCode": "+53"
  },
  {
    "name": "Cyprus",
    "isoCode": "CY",
    "phoneCode": "+357"
  },
  {
    "name": "Czech Republic",
    "isoCode": "CZ",
    "phoneCode": "+420"
  },
  {
    "name": "Denmark",
    "isoCode": "DK",
    "phoneCode": "+45"
  },
  {
    "name": "Djibouti",
    "isoCode": "DJ",
    "phoneCode": "+253"
  },
  {
    "name": "Dominica",
    "isoCode": "DM",
    "phoneCode": "+1-767"
  },
  {
    "name": "Dominican Republic",
    "isoCode": "DO",
    "phoneCode": "+1-809"
  },
  {
    "name": "Ecuador",
    "isoCode": "EC",
    "phoneCode": "+593"
  },
  {
    "name": "Egypt",
    "isoCode": "EG",
    "phoneCode": "+20"
  },
  {
    "name": "El Salvador",
    "isoCode": "SV",
    "phoneCode": "+503"
  },
  {
    "name": "Equatorial Guinea",
    "isoCode": "GQ",
    "phoneCode": "+240"
  },
  {
    "name": "Eritrea",
    "isoCode": "ER",
    "phoneCode": "+291"
  },
  {
    "name": "Estonia",
    "isoCode": "EE",
    "phoneCode": "+372"
  },
  {
    "name": "Ethiopia",
    "isoCode": "ET",
    "phoneCode": "+251"
  },
  {
    "name": "Fiji",
    "isoCode": "FJ",
    "phoneCode": "+679"
  },
  {
    "name": "Finland",
    "isoCode": "FI",
    "phoneCode": "+358"
  },
  {
    "name": "France",
    "isoCode": "FR",
    "phoneCode": "+33"
  },
  {
    "name": "Gabon",
    "isoCode": "GA",
    "phoneCode": "+241"
  },
  {
    "name": "Gambia",
    "isoCode": "GM",
    "phoneCode": "+220"
  },
  {
    "name": "Georgia",
    "isoCode": "GE",
    "phoneCode": "+995"
  },
  {
    "name": "Germany",
    "isoCode": "DE",
    "phoneCode": "+49"
  },
  {
    "name": "Ghana",
    "isoCode": "GH",
    "phoneCode": "+233"
  },
  {
    "name": "Greece",
    "isoCode": "GR",
    "phoneCode": "+30"
  },
  {
    "name": "Grenada",
    "isoCode": "GD",
    "phoneCode": "+1-473"
  },
  {
    "name": "Guatemala",
    "isoCode": "GT",
    "phoneCode": "+502"
  },
  {
    "name": "Guinea",
    "isoCode": "GN",
    "phoneCode": "+224"
  },
  {
    "name": "Guinea-Bissau",
    "isoCode": "GW",
    "phoneCode": "+245"
  },
  {
    "name": "Guyana",
    "isoCode": "GY",
    "phoneCode": "+592"
  },
  {
    "name": "Haiti",
    "isoCode": "HT",
    "phoneCode": "+509"
  },
  {
    "name": "Honduras",
    "isoCode": "HN",
    "phoneCode": "+504"
  },
  {
    "name": "Hungary",
    "isoCode": "HU",
    "phoneCode": "+36"
  },
  {
    "name": "Iceland",
    "isoCode": "IS",
    "phoneCode": "+354"
  },
  {
    "name": "India",
    "isoCode": "IN",
    "phoneCode": "+91"
  },
  {
    "name": "Indonesia",
    "isoCode": "ID",
    "phoneCode": "+62"
  },
  {
    "name": "Iran",
    "isoCode": "IR",
    "phoneCode": "+98"
  },
  {
    "name": "Iraq",
    "isoCode": "IQ",
    "phoneCode": "+964"
  },
  {
    "name": "Ireland",
    "isoCode": "IE",
    "phoneCode": "+353"
  },
  {
    "name": "Israel",
    "isoCode": "IL",
    "phoneCode": "+972"
  },
  {
    "name": "Italy",
    "isoCode": "IT",
    "phoneCode": "+39"
  },
  {
    "name": "Jamaica",
    "isoCode": "JM",
    "phoneCode": "+1-876"
  },
  {
    "name": "Japan",
    "isoCode": "JP",
    "phoneCode": "+81"
  },
  {
    "name": "Jordan",
    "isoCode": "JO",
    "phoneCode": "+962"
  },
  {
    "name": "Kazakhstan",
    "isoCode": "KZ",
    "phoneCode": "+7"
  },
  {
    "name": "Kenya",
    "isoCode": "KE",
    "phoneCode": "+254"
  },
  {
    "name": "Kiribati",
    "isoCode": "KI",
    "phoneCode": "+686"
  },
  {
    "name": "Korea, North",
    "isoCode": "KP",
    "phoneCode": "+850"
  },
  {
    "name": "Korea, South",
    "isoCode": "KR",
    "phoneCode": "+82"
  },
  {
    "name": "Kuwait",
    "isoCode": "KW",
    "phoneCode": "+965"
  },
  {
    "name": "Kyrgyzstan",
    "isoCode": "KG",
    "phoneCode": "+996"
  },
  {
    "name": "Laos",
    "isoCode": "LA",
    "phoneCode": "+856"
  },
  {
    "name": "Latvia",
    "isoCode": "LV",
    "phoneCode": "+371"
  },
  {
    "name": "Lebanon",
    "isoCode": "LB",
    "phoneCode": "+961"
  },
  {
    "name": "Lesotho",
    "isoCode": "LS",
    "phoneCode": "+266"
  },
  {
    "name": "Liberia",
    "isoCode": "LR",
    "phoneCode": "+231"
  },
  {
    "name": "Libya",
    "isoCode": "LY",
    "phoneCode": "+218"
  },
  {
    "name": "Liechtenstein",
    "isoCode": "LI",
    "phoneCode": "+423"
  },
  {
    "name": "Lithuania",
    "isoCode": "LT",
    "phoneCode": "+370"
  },
  {
    "name": "Luxembourg",
    "isoCode": "LU",
    "phoneCode": "+352"
  },
  {
    "name": "Madagascar",
    "isoCode": "MG",
    "phoneCode": "+261"
  },
  {
    "name": "Malawi",
    "isoCode": "MW",
    "phoneCode": "+265"
  },
  {
    "name": "Malaysia",
    "isoCode": "MY",
    "phoneCode": "+60"
  },
  {
    "name": "Maldives",
    "isoCode": "MV",
    "phoneCode": "+960"
  },
  {
    "name": "Mali",
    "isoCode": "ML",
    "phoneCode": "+223"
  },
  {
    "name": "Malta",
    "isoCode": "MT",
    "phoneCode": "+356"
  },
  {
    "name": "Marshall Islands",
    "isoCode": "MH",
    "phoneCode": "+692"
  },
  {
    "name": "Mauritania",
    "isoCode": "MR",
    "phoneCode": "+222"
  },
  {
    "name": "Mauritius",
    "isoCode": "MU",
    "phoneCode": "+230"
  },
  {
    "name": "Mexico",
    "isoCode": "MX",
    "phoneCode": "+52"
  },
  {
    "name": "Micronesia",
    "isoCode": "FM",
    "phoneCode": "+691"
  },
  {
    "name": "Moldova",
    "isoCode": "MD",
    "phoneCode": "+373"
  },
  {
    "name": "Monaco",
    "isoCode": "MC",
    "phoneCode": "+377"
  },
  {
    "name": "Mongolia",
    "isoCode": "MN",
    "phoneCode": "+976"
  },
  {
    "name": "Montenegro",
    "isoCode": "ME",
    "phoneCode": "+382"
  },
  {
    "name": "Morocco",
    "isoCode": "MA",
    "phoneCode": "+212"
  },
  {
    "name": "Mozambique",
    "isoCode": "MZ",
    "phoneCode": "+258"
  },
  {
    "name": "Myanmar",
    "isoCode": "MM",
    "phoneCode": "+95"
  },
  {
    "name": "Namibia",
    "isoCode": "NA",
    "phoneCode": "+264"
  },
  {
    "name": "Nauru",
    "isoCode": "NR",
    "phoneCode": "+674"
  },
  {
    "name": "Nepal",
    "isoCode": "NP",
    "phoneCode": "+977"
  },
  {
    "name": "Netherlands",
    "isoCode": "NL",
    "phoneCode": "+31"
  },
  {
    "name": "New Zealand",
    "isoCode": "NZ",
    "phoneCode": "+64"
  },
  {
    "name": "Nicaragua",
    "isoCode": "NI",
    "phoneCode": "+505"
  },
  {
    "name": "Niger",
    "isoCode": "NE",
    "phoneCode": "+227"
  },
  {
    "name": "Nigeria",
    "isoCode": "NG",
    "phoneCode": "+234"
  },
  {
    "name": "North Macedonia",
    "isoCode": "MK",
    "phoneCode": "+389"
  },
  {
    "name": "Norway",
    "isoCode": "NO",
    "phoneCode": "+47"
  },
  {
    "name": "Oman",
    "isoCode": "OM",
    "phoneCode": "+968"
  },
  {
    "name": "Pakistan",
    "isoCode": "PK",
    "phoneCode": "+92"
  },
  {
    "name": "Palau",
    "isoCode": "PW",
    "phoneCode": "+680"
  },
  {
    "name": "Palestine",
    "isoCode": "PS",
    "phoneCode": "+970"
  },
  {
    "name": "Panama",
    "isoCode": "PA",
    "phoneCode": "+507"
  },
  {
    "name": "Papua New Guinea",
    "isoCode": "PG",
    "phoneCode": "+675"
  },
  {
    "name": "Paraguay",
    "isoCode": "PY",
    "phoneCode": "+595"
  },
  {
    "name": "Peru",
    "isoCode": "PE",
    "phoneCode": "+51"
  },
  {
    "name": "Philippines",
    "isoCode": "PH",
    "phoneCode": "+63"
  },
  {
    "name": "Poland",
    "isoCode": "PL",
    "phoneCode": "+48"
  },
  {
    "name": "Portugal",
    "isoCode": "PT",
    "phoneCode": "+351"
  },
  {
    "name": "Qatar",
    "isoCode": "QA",
    "phoneCode": "+974"
  },
  {
    "name": "Romania",
    "isoCode": "RO",
    "phoneCode": "+40"
  },
  {
    "name": "Russia",
    "isoCode": "RU",
    "phoneCode": "+7"
  },
  {
    "name": "Rwanda",
    "isoCode": "RW",
    "phoneCode": "+250"
  },
  {
    "name": "Saint Kitts and Nevis",
    "isoCode": "KN",
    "phoneCode": "+1-869"
  },
  {
    "name": "Saint Lucia",
    "isoCode": "LC",
    "phoneCode": "+1-758"
  },
  {
    "name": "Saint Vincent and the Grenadines",
    "isoCode": "VC",
    "phoneCode": "+1-784"
  },
  {
    "name": "Samoa",
    "isoCode": "WS",
    "phoneCode": "+685"
  },
  {
    "name": "San Marino",
    "isoCode": "SM",
    "phoneCode": "+378"
  },
  {
    "name": "Sao Tome and Principe",
    "isoCode": "ST",
    "phoneCode": "+239"
  },
  {
    "name": "Saudi Arabia",
    "isoCode": "SA",
    "phoneCode": "+966"
  },
  {
    "name": "Senegal",
    "isoCode": "SN",
    "phoneCode": "+221"
  },
  {
    "name": "Serbia",
    "isoCode": "RS",
    "phoneCode": "+381"
  },
  {
    "name": "Seychelles",
    "isoCode": "SC",
    "phoneCode": "+248"
  },
  {
    "name": "Sierra Leone",
    "isoCode": "SL",
    "phoneCode": "+232"
  },
  {
    "name": "Singapore",
    "isoCode": "SG",
    "phoneCode": "+65"
  },
  {
    "name": "Slovakia",
    "isoCode": "SK",
    "phoneCode": "+421"
  },
  {
    "name": "Slovenia",
    "isoCode": "SI",
    "phoneCode": "+386"
  },
  {
    "name": "Solomon Islands",
    "isoCode": "SB",
    "phoneCode": "+677"
  },
  {
    "name": "Somalia",
    "isoCode": "SO",
    "phoneCode": "+252"
  },
  {
    "name": "South Africa",
    "isoCode": "ZA",
    "phoneCode": "+27"
  },
  {
    "name": "South Sudan",
    "isoCode": "SS",
    "phoneCode": "+211"
  },
  {
    "name": "Spain",
    "isoCode": "ES",
    "phoneCode": "+34"
  },
  {
    "name": "Sri Lanka",
    "isoCode": "LK",
    "phoneCode": "+94"
  },
  {
    "name": "Sudan",
    "isoCode": "SD",
    "phoneCode": "+249"
  },
  {
    "name": "Suriname",
    "isoCode": "SR",
    "phoneCode": "+597"
  },
  {
    "name": "Sweden",
    "isoCode": "SE",
    "phoneCode": "+46"
  },
  {
    "name": "Switzerland",
    "isoCode": "CH",
    "phoneCode": "+41"
  },
  {
    "name": "Syria",
    "isoCode": "SY",
    "phoneCode": "+963"
  },
  {
    "name": "Taiwan",
    "isoCode": "TW",
    "phoneCode": "+886"
  },
  {
    "name": "Tajikistan",
    "isoCode": "TJ",
    "phoneCode": "+992"
  },
  {
    "name": "Tanzania",
    "isoCode": "TZ",
    "phoneCode": "+255"
  },
  {
    "name": "Thailand",
    "isoCode": "TH",
    "phoneCode": "+66"
  },
  {
    "name": "Timor-Leste",
    "isoCode": "TL",
    "phoneCode": "+670"
  },
  {
    "name": "Togo",
    "isoCode": "TG",
    "phoneCode": "+228"
  },
  {
    "name": "Tonga",
    "isoCode": "TO",
    "phoneCode": "+676"
  },
  {
    "name": "Trinidad and Tobago",
    "isoCode": "TT",
    "phoneCode": "+1-868"
  },
  {
    "name": "Tunisia",
    "isoCode": "TN",
    "phoneCode": "+216"
  },
  {
    "name": "Turkey",
    "isoCode": "TR",
    "phoneCode": "+90"
  },
  {
    "name": "Turkmenistan",
    "isoCode": "TM",
    "phoneCode": "+993"
  },
  {
    "name": "Tuvalu",
    "isoCode": "TV",
    "phoneCode": "+688"
  },
  {
    "name": "Uganda",
    "isoCode": "UG",
    "phoneCode": "+256"
  },
  {
    "name": "Ukraine",
    "isoCode": "UA",
    "phoneCode": "+380"
  },
  {
    "name": "United Arab Emirates",
    "isoCode": "AE",
    "phoneCode": "+971"
  },
  {
    "name": "United Kingdom",
    "isoCode": "GB",
    "phoneCode": "+44"
  },
  {
    "name": "United States",
    "isoCode": "US",
    "phoneCode": "+1"
  },
  {
    "name": "Uruguay",
    "isoCode": "UY",
    "phoneCode": "+598"
  },
  {
    "name": "Uzbekistan",
    "isoCode": "UZ",
    "phoneCode": "+998"
  },
  {
    "name": "Vanuatu",
    "isoCode": "VU",
    "phoneCode": "+678"
  },
  {
    "name": "Vatican City",
    "isoCode": "VA",
    "phoneCode": "+379"
  },
  {
    "name": "Venezuela",
    "isoCode": "VE",
    "phoneCode": "+58"
  },
  {
    "name": "Vietnam",
    "isoCode": "VN",
    "phoneCode": "+84"
  },
  {
    "name": "Yemen",
    "isoCode": "YE",
    "phoneCode": "+967"
  },
  {
    "name": "Zambia",
    "isoCode": "ZM",
    "phoneCode": "+260"
  },
  {
    "name": "Zimbabwe",
    "isoCode": "ZW",
    "phoneCode": "+263"
  }
]
